productCode,colour,Category,Image Name,Website Link,Description,Brand
9509116,Silver,Tapware & Accessories|||2518/Basin Tapware|||743,Web_1200x900-Mizu-Drift-MK2-Wall-Basin-Mixer-Tap-Set-Chrome-4-Star-9509116.png,https://www.reece.com.au/product/mizu-drift-mk2-wall-basin-mixer-tap-set-chrome-4-9509116?query=9509116,Mizu Drift MK2 Wall Basin Mixer Tap Set,Mizu|||165000/Drift MK2|||165029
9509130,Black,Tapware & Accessories|||2518/Basin Tapware|||743,Web_1200x900-Mizu-Drift-MK2-Wall-Basin-Mixer-Tap-Set-Matte-Black-4-Star-9509130.png,https://www.reece.com.au/product/mizu-drift-mk2-wall-basin-mixer-tap-set-matte-9509130,Mizu Drift MK2 Wall Basin Mixer Tap Set,Mizu|||165000/Drift MK2|||165029
9509139,Silver,Tapware & Accessories|||2518/Basin Tapware|||743,Web_1200x900-Mizu-Drift-MK2-Wall-Basin-Mixer-Tap-Set-Brushed-Nickel-4-Star-9509139.png,https://www.reece.com.au/product/mizu-drift-mk2-wall-basin-mixer-tap-set-brushed-9509139?query=9509139,Mizu Drift MK2 Wall Basin Mixer Tap Set,Mizu|||165000/Drift MK2|||165029
9509146,Gold,Tapware & Accessories|||2518/Basin Tapware|||743,Web_1200x900-Mizu-Drift-MK2-Wall-Basin-Mixer-Tap-Set-Brushed-Gold-4-Star-9509146.png,https://www.reece.com.au/product/mizu-drift-mk2-wall-basin-mixer-tap-set-brushed-9509146?query=9509146,Mizu Drift MK2 Wall Basin Mixer Tap Set,Mizu|||165000/Drift MK2|||165029
9507496,Silver,Tapware & Accessories|||2518/Basin Tapware|||743,Web_1200x900-Mizu-Stream-Wall-Basin-Bath-Mixer-Set-Chrome-9507496.png,https://www.reece.com.au/product/mizu-stream-wall-basin-mixer-tap-set-chrome-4-9507496?query=9507496,Mizu Stream Wall Basin Mixer Tap Set,Mizu|||165000/Stream|||165027
9507506,Black,Tapware & Accessories|||2518/Basin Tapware|||743,Web_1200x900-Mizu-Stream-Wall-Basin-Bath-Mixer-Set-Matte-Black-9507506.png,https://www.reece.com.au/product/mizu-stream-wall-basin-mixer-tap-set-matte-black-9507506?query=9507506,Mizu Stream Wall Basin Mixer Tap Set,Mizu|||165000/Stream|||165027
9507516,Silver,Tapware & Accessories|||2518/Basin Tapware|||743,Web_1200x900-Mizu-Stream-Wall-Basin-Bath-Mixer-Set-Brushed-Nickel-9507516.png,https://www.reece.com.au/product/mizu-stream-wall-basin-mixer-tap-set-brushed-9507516?query=9507516,Mizu Stream Wall Basin Mixer Tap Set,Mizu|||165000/Stream|||165027
9505295,Silver,Tapware & Accessories|||2518/Basin Tapware|||743,Web_1200x900-Mizu-Soothe-Wall-Basin-Bath-Mixer-Set-200mm-Chrome-9505295.png,https://www.reece.com.au/product/mizu-soothe-wall-basin-mixer-tap-set-200mm-chrome-9505295?query=9505295,Mizu Soothe Wall Basin Mixer Tap Set,Mizu|||165000/Soothe|||165019
9505364,Black,Tapware & Accessories|||2518/Basin Tapware|||743,Web_1200x900-Mizu-Soothe-Wall-Basin-Mixer-Set-200mm-Matte-Black-4-Star-9505364.png,https://www.reece.com.au/product/mizu-soothe-wall-basin-mixer-tap-set-200mm-matte-9505364?query=9505364,Mizu Soothe Wall Basin Mixer Tap Set,Mizu|||165000/Soothe|||165019
9505293,Silver,Tapware & Accessories|||2518/Basin Tapware|||743,Web_1200x900-Mizu-Bliss-Wall-Bath-Basin-Mixer-Set-200mm-Chrome-9505293.png,https://www.reece.com.au/product/mizu-bliss-wall-basin-mixer-tap-set-200mm-chrome-9505293,Mizu Bliss Wall Basin Mixer Tap Set,Mizu|||165000/Bliss|||165020
9505357,Black,Tapware & Accessories|||2518/Basin Tapware|||743,Web_1200x900-Mizu-Bliss-Wall-Basin-Mixer-Set-200mm-Matte-Black-4-Star-9505357.png,https://www.reece.com.au/product/mizu-bliss-wall-basin-mixer-tap-set-200mm-matte-9505357?query=9505357,Mizu Bliss Wall Basin Mixer Tap Set,Mizu|||165000/Bliss|||165020
